[
  {
    "routes": [
      {
        "id": -1,
        "name": "dashboard",
        "title": "Ana Sayfa",
        "path": "/",
        "exact": true,
        "sidebar": true,
        "icon": "acshb-icon-home1",
        "routes": [],
        "auth": true
      },
      {
        "id": -1,
        "name": "users",
        "title": "Kullanıcılar",
        "path": "/kullanicilar",
        "exact": true,
        "sidebar": true,
        "icon": "acshb-icon-user",
        "routes": [],
        "auth": true
      }
    ]
  }
]
